driverId,name,ssn,location,certified,wage-plan
10,Steven Page,132-03-1789,"01255 Welch Tunnel Apt. 485
Caldwellburgh, AK 21599",N,miles
11,Benjamin Lowe,240-87-6883,"38033 Walker Valley Apt. 386
East Theodoreberg, RI 47867",N,hours
12,Dr. Dustin Ferguson,826-03-5367,"068 Taylor Street
Lake Henryton, NV 83246",Y,hours
13,Anthony Cox,338-92-2905,"2021 Jared Meadow
Jensenberg, AR 52713",Y,miles
14,Travis Mason,807-80-2905,"USS White
FPO AA 76028",Y,hours
15,Donald Young,861-29-7817,"24858 Baker Valley
West Rebecca, MS 36557",Y,miles
16,Aimee Owens,078-57-4226,"4322 Miller Court
Andersontown, NJ 94532",Y,hours
17,Craig Thomas,650-15-8651,"5205 Gutierrez Road
West Daniel, NJ 67000",N,hours
18,Brandy Villanueva,693-14-7312,"PSC 6198, Box 4222
APO AE 69601",Y,hours
19,Beverly Jones,266-18-1299,"18951 Allison Light
Richardsonstad, TX 92354",Y,miles
20,Matthew Kline,479-16-6568,"8371 Gonzalez Squares Apt. 885
Williamsside, MH 49255",N,hours
21,Jared Boone,224-81-8002,"92740 Valerie Pine
Wallacefurt, RI 57271",N,hours
22,Jordan Taylor,363-97-6092,"1192 Dodson Garden
East Michael, MP 48174",N,miles
23,Jeffery Hoover,839-10-5262,"0813 Richard Fords Suite 251
Jenningschester, KS 61760",Y,miles
24,Catherine Pena,524-37-7039,"9881 Montoya Isle
Port Jimmyside, HI 30469",N,miles
25,Rodney Mcgee,099-42-5927,"6740 Michelle Mountains
Lunatown, MS 30149",Y,hours
26,Alan Juarez,461-35-8830,"584 Andre Station
Benitezshire, GU 17363",N,hours
27,Maria Ryan,600-81-3327,"57839 Dylan Locks
West John, PR 62221",Y,hours
28,Evelyn Scott,774-23-4923,"9318 Thompson Mountains
Lake Colton, AK 24740",N,hours
29,Gregory Shepard,101-95-2832,"4488 Gabrielle Ramp
West Jacqueline, DE 49722",Y,hours
30,Misty Walter,614-67-8492,"7204 William Vista
South Gordon, ME 62650",Y,hours
31,Heidi Montgomery,080-72-5664,"939 Jasmin Tunnel
South Elizabeth, MD 98283",N,miles
32,Nicholas Chang,236-77-2122,"452 Oneal Hill Suite 854
Port Gary, IA 92180",N,hours
33,Michael Vaughn,167-41-2419,"76453 Sawyer Mountains Suite 538
North Danielbury, TN 52488",N,miles
34,Johnathan Booker,400-01-6339,"878 Scott Route
North Douglas, CA 24440",N,miles
35,Francisco Mendoza,273-56-4998,"336 Jacobs Fort Apt. 047
North Rebeccaport, NC 34996",Y,miles
36,Andrew Flores,515-06-3762,"038 Hardy Mill
Cynthiahaven, NY 90635",N,miles
37,Douglas Cox,688-91-6037,"295 Daniel Flats
South Christopherfurt, NY 93085",Y,hours
38,Ricky Murphy,280-10-3733,"527 Luis Mountains
Nashfurt, HI 32354",Y,hours
39,Billy Robbins,366-29-4855,"92438 Kevin Locks
New Kennethport, NV 24112",Y,hours
40,Christine Diaz,583-94-6909,"26717 Matthew Brooks Suite 325
Paynestad, UT 94692",Y,hours
41,Angela Jones,490-59-6443,"34496 Helen Ranch Suite 272
East Raymond, FM 36319",Y,miles
42,William Joseph,524-61-7443,"840 Christopher Ramp Suite 135
Port Erikashire, WV 24976",N,miles
43,Tracy Mendoza,742-89-4315,"839 Gary Lakes Suite 554
Rogerstown, AR 96381",N,hours
44,Zachary Lee,742-68-8599,"39380 Curry Street Suite 738
Port Amandashire, WY 82904",Y,miles
45,Michael Berry,171-08-0764,"83478 Lisa Burgs
Lake Jaclynfort, MT 07560",N,miles
46,Olivia Brown,550-47-6238,"1214 Susan Hills
Port Eugene, RI 90251",N,hours
47,Christopher Abbott,183-10-7682,"94528 Johnston Pines
East Michael, AS 96800",Y,miles
48,Peter Arnold,109-22-7034,"08206 Mitchell Causeway
Lake Staceyview, NH 17867",Y,miles
49,Robert Diaz,617-31-9139,"17693 Michael Cliffs
Schwartzstad, MT 46826",N,hours
50,Cristina Mcintyre,236-90-4561,"USNS Davis
FPO AE 22739",N,miles
51,Brandon Hudson,102-89-0480,"414 Hinton Causeway
North Carmen, UT 37720",N,hours
52,Sherri Campbell,828-28-1846,"18860 Jason Squares
North Randyberg, ME 91133",Y,hours
53,Dr. Carrie Long MD,719-04-0518,"85975 Hunter Ports
Lake Brianmouth, LA 43874",Y,hours
54,Billy Bell,311-40-3268,"80330 Johnson Union
South Williestad, TX 76694",N,hours
55,Sarah Lopez,057-71-5449,"01865 Tammy Drive Suite 908
Lake Robertfurt, ME 30883",Y,hours
56,Mr. Randall Ramsey,397-22-9578,"571 Thompson Fork
East Julie, SD 94128",N,hours
57,Scott Newton,105-27-5604,"47760 Margaret Island Apt. 510
Farrellview, GA 36447",N,miles
58,Elizabeth Gomez,693-61-0592,"2435 Dodson Summit
Annaport, VI 41674",Y,miles
59,Dr. Tom Castaneda MD,708-96-4549,"580 Dorothy Mission Suite 873
Kevinberg, GU 63826",Y,hours
60,Daniel Perry,274-61-4294,"7917 Deborah Drive Suite 176
West Frankbury, DC 76908",N,miles
61,Shari Sutton,757-49-9742,"USNS Shaw
FPO AA 43812",Y,miles
62,Janet Anderson,090-52-1056,"63669 Brown Unions
East Ashleyhaven, FL 68522",Y,miles
63,Jane Gordon,234-88-1487,"537 Stephanie Shores
Lake Robertville, NY 40124",Y,hours
64,John Kramer,586-79-1977,"760 Chavez Land Apt. 487
Gordonview, VT 37662",N,hours
65,Linda Bell,592-54-6008,"93431 Jonathan Viaduct
North Ashleyborough, AZ 46342",Y,miles
66,Shawn Williamson,818-15-6121,"025 Johnson Highway
Cunninghamshire, MD 11795",Y,miles
67,Ronnie Burke,480-33-5236,"992 Johnson Via Suite 494
East Paulborough, IN 07695",N,hours
68,Jacob Vega,761-97-7701,"2489 Brown Well
Samanthaburgh, AS 45552",N,hours
69,Ronald Moon,801-23-2537,"2575 Williams Harbor Suite 964
Mcgeetown, HI 44843",Y,miles
70,Terry Mills,257-04-6028,"5766 Massey Brook Suite 152
Williamstad, MD 06127",Y,miles
71,Sarah Peterson,052-63-5767,"96701 Elizabeth Prairie Suite 355
Lake Kristin, RI 65072",N,hours
72,Antonio Garner,347-46-2453,"7400 Andrews Club Apt. 855
Amandaland, SC 23360",N,hours
73,Tina Martin,200-13-3254,"3881 Sherri Inlet Suite 914
South Daniellebury, PW 44338",N,miles
74,Nathaniel Hansen,723-70-5371,"2129 Baker Court
Santiagochester, AZ 97893",N,miles
75,Shawn Hall,198-48-2057,"189 Matthew Port Suite 964
Griffinchester, AK 72736",N,miles
76,Ms. Jessica White,202-91-0760,"538 David Hill Suite 878
Port Diane, NJ 66947",N,miles
77,Jamie Gonzales,220-40-3896,"38109 Alexis Village
South Michaelside, MN 16634",N,hours
78,Michelle Bell,880-21-1108,"23011 Martin Station Apt. 306
Maryhaven, AR 56178",Y,miles
79,Phillip Daniels,367-74-2391,"6908 Morgan Views Apt. 305
Port Larry, MO 07355",N,hours
80,Pamela Clayton DDS,411-40-7148,"PSC 5834, Box 9797
APO AA 78159",Y,miles
81,Julie Hamilton,758-66-3428,"70022 Johnson Court Apt. 939
Elizabethfurt, MN 02303",Y,miles
82,Bradley Pratt,889-41-7926,"231 Fisher Field
North Steven, NJ 76844",N,hours
83,Ricky Olsen,622-07-4812,"15063 Mark Alley
Jenniferport, HI 26508",N,miles
84,Danielle Harper,733-63-2452,"88017 Nicholas Mount
North Kellyfurt, ND 40984",Y,miles
85,Tammy Taylor,284-51-4052,"4782 Johnson Prairie
Rogerville, VI 67930",N,miles
86,Jonathan Young,163-10-3105,"776 Carpenter Brooks
New Susan, MH 10739",Y,hours
87,Christopher Collins,649-93-2011,"6155 Douglas Lodge
Kevinfurt, RI 57677",N,miles
88,John Anderson,273-43-5677,"5179 Lane Station
Masonside, UT 16005",Y,hours
89,Megan Williams,599-64-0970,"311 Austin Row Suite 065
Brandonfort, TN 87877",Y,hours
90,Stephen Malone,365-90-6638,"568 Jose Vista
Thompsonview, CT 40640",N,miles
91,Mallory Reynolds,125-82-4218,"9950 Sanchez Hills Suite 417
New Lisaburgh, MH 75327",Y,miles
92,Lucas Reese,822-03-6377,"288 David Ramp
Port Phyllis, MP 17792",Y,hours
93,Keith Butler,037-92-3196,"5566 Mary Circle
South Samanthastad, OR 57337",Y,hours
94,Stacey Walker,577-46-6774,"PSC 5671, Box 8476
APO AP 22202",Y,miles
95,Aaron Dean,354-30-8994,"08932 Osborne Centers
Port Jennifer, MA 62351",N,hours
96,John Johnson,659-48-6414,"01379 Carlson Trace
South Spencerton, CA 79283",Y,hours
97,Brenda Smith,229-53-3486,"Unit 8846 Box 4062
DPO AA 45085",N,miles
98,Aaron Wood,875-81-6192,"6080 Beasley Way
New Melissa, AK 91792",N,hours
99,Christopher Esparza,180-52-2196,"2411 Byrd Branch
Hoffmanstad, TX 53205",Y,hours
100,Kevin Sanchez,354-71-2037,"298 John Course Suite 702
Jonesborough, VT 90423",Y,miles
101,Jeffrey Osborne,216-68-0916,"6505 James Mountain
East Susanstad, OR 94462",Y,miles
102,Christopher Smith,052-21-5191,"766 Tony Lodge Suite 377
Thomasmouth, MN 13442",Y,miles
103,Steven Lowery,449-55-7451,"858 Gonzales Landing
Pinedafort, DC 51446",N,hours
104,Tracy Santiago,747-54-4008,"USNS Kramer
FPO AE 72276",Y,miles
105,Rachel Martin,503-79-1881,"Unit 5518 Box 6346
DPO AA 44581",Y,miles
106,Jeffrey Wheeler,206-98-4219,"4277 Ross Lights
North Nicholasland, IN 54922",N,hours
107,Zachary Mendoza,110-49-8393,"86593 Marshall Knoll Apt. 771
Connerview, WI 43542",N,miles
108,Robert Hicks,863-88-9923,"86242 Perry Camp
Wubury, RI 23097",Y,miles
109,Catherine Lewis,217-88-0343,"PSC 1899, Box 4796
APO AP 08072",N,hours
